{"metadata":{"asset_id":"19022c38-795a-4d0b-8271-6e3decab4ae2","asset_attributes":["data_asset"],"name":"insurance.csv","asset_type":"data_asset","created_at":"2020-10-31T12:56:56Z","description":"","origin_country":"us","owner_id":"IBMid-5500091H2H","project_id":"7d3af44d-8e0b-45e4-b378-cc22986c4921","size":50264,"tags":[],"usage":{"last_update_time":1604149018573,"last_updated_at":"2020-10-31T12:56:58Z"}},"entity":{"data_asset":{"mime_type":"text/csv","dataset":false}},"attachments":[{"id":"71f444f1-36b2-4b5e-8ea7-8effd81133a0","version":2,"asset_type":"data_asset","name":"insurance.csv","mime":"text/csv","datasource_type":"193a97c1-4475-4a19-b90c-295c4fdc6517","object_key":"insurance.csv","creator_id":"IBMid-5500091H2H","create_time":1604149018572,"size":50264,"is_remote":false,"is_managed":false,"is_referenced":true,"is_object_key_read_only":true,"is_user_provided_path_key":true,"transfer_complete":true,"is_partitioned":false,"complete_time_ticks":1604149018572,"user_data":{},"test_doc":0,"handle":{"bucket":"healthinsurancepremiumprediction-donotdelete-pr-l1lhs264pulpxx","location":"us-geo","key":"insurance.csv","upload_id":"done","max_part_num":1},"usage":{"access_count":0,"last_accessor_id":"IBMid-5500091H2H","last_access_time":1604149018572}}]}
