{"metadata":{"asset_id":"a0b6d79c-6246-4a24-816f-ba6be2affa3f","asset_attributes":["wml_model"],"name":"Health Insurance-Premium-Prediction - P4 GradientBoostingRegressorEstimator","asset_type":"wml_model","created_at":"2020-10-31T13:26:00Z","description":"","origin_country":"us","owner_id":"IBMid-5500091H2H","project_id":"7d3af44d-8e0b-45e4-b378-cc22986c4921","sandbox_id":"7d3af44d-8e0b-45e4-b378-cc22986c4921","size":39903,"tags":[],"usage":{"last_update_time":1604150771403,"last_updated_at":"2020-10-31T13:26:11Z"}},"entity":{"wml_model":{"hybrid_pipeline_software_specs":[{"base_id":"632d4b22-10aa-5180-88f0-f52dfb6444d7","name":"autoai-kb_3.1-py3.7"}],"pipeline":{"id":"a6a1a8f9-7fa0-4555-b3d4-b7906de7bdaa"},"ml_version":"4.0.2","type":"wml-hybrid_0.1","schemas":{"input":[{"fields":[{"name":"age","type":"integer"},{"name":"sex","type":"other"},{"name":"bmi","type":"double"},{"name":"children","type":"integer"},{"name":"smoker","type":"other"},{"name":"region","type":"other"}],"id":"auto_ai_kb_input_schema"}],"output":[]},"content_location":{"connection":{"access_key_id":"2306f33ba55c46d3bb33d20f1a7e0ae1","endpoint_url":"https://s3-api.us-geo.objectstorage.softlayer.net","secret_access_key":"d75acb46cb81613911074586bd6ae51ebfada0d5403a16df","accessKeyId":"2306f33ba55c46d3bb33d20f1a7e0ae1"},"contents":[{"content_format":"native","file_name":"pipeline_model.json","location":"auto_ml/c54f05ab-0c55-4a77-b947-22326e236537/wml_data/f003df71-7bbd-4c23-ba1f-1f43d517ae74/assets/f003df71-7bbd-4c23-ba1f-1f43d517ae74_P4_hpo_c_output/resources/wml_model/pipeline_model.json"},{"content_format":"pipeline-node","file_name":"P4_automl.zip","location":"auto_ml/c54f05ab-0c55-4a77-b947-22326e236537/wml_data/f003df71-7bbd-4c23-ba1f-1f43d517ae74/assets/f003df71-7bbd-4c23-ba1f-1f43d517ae74_P4_hpo_c_output/resources/wml_model/P4_automl.zip","pipeline_node_id":"automl"},{"content_format":"native","file_name":"pipeline_model.json","location":"auto_ml/c54f05ab-0c55-4a77-b947-22326e236537/wml_data/f003df71-7bbd-4c23-ba1f-1f43d517ae74/assets/f003df71-7bbd-4c23-ba1f-1f43d517ae74_P4_hpo_c_output/resources/wml_model/pipeline_model.json"}],"location":{"path":"auto_ml/c54f05ab-0c55-4a77-b947-22326e236537/wml_data","training":"auto_ml/c54f05ab-0c55-4a77-b947-22326e236537/wml_data/f003df71-7bbd-4c23-ba1f-1f43d517ae74","training_status":"auto_ml/c54f05ab-0c55-4a77-b947-22326e236537/wml_data/f003df71-7bbd-4c23-ba1f-1f43d517ae74/training-status.json","bucket":"healthinsurancepremiumprediction-donotdelete-pr-l1lhs264pulpxx","type":"s3","assets_path":"auto_ml/c54f05ab-0c55-4a77-b947-22326e236537/wml_data/f003df71-7bbd-4c23-ba1f-1f43d517ae74/assets"},"type":"s3"},"training_data_references":[{"connection":{"endpoint_url":"https://s3-api.us-geo.objectstorage.softlayer.net","auth_endpoint":"https://iam.bluemix.net/oidc/token/","api_key":"YUYM4iiEF7rHEGH63kOXRMpOoMb3nLp7msjOdFewmF-L","secret_access_key":"d75acb46cb81613911074586bd6ae51ebfada0d5403a16df","access_key_id":"2306f33ba55c46d3bb33d20f1a7e0ae1","service_instance_id":"iam-ServiceId-78955137-d69b-40ed-993d-4b0f645be42a"},"location":{"bucket":"healthinsurancepremiumprediction-donotdelete-pr-l1lhs264pulpxx","path":"insurance.csv","type":"s3"},"type":"s3"}],"software_spec":{"base_id":"8c1a58c6-62b5-4dc4-987a-df751c2756b6","name":"hybrid_0.1"},"content_import_state":"completed"}},"attachments":[{"id":"6035e89a-fbce-4a8c-aa6f-fdaa46279a13","version":2,"asset_type":"wml_model","name":"P4_automl.zip","datasource_type":"193a97c1-4475-4a19-b90c-295c4fdc6517","creator_id":"IBMid-5500091H2H","create_time":1604150764933,"size":38417,"is_remote":false,"is_managed":true,"is_referenced":false,"is_object_key_read_only":false,"is_user_provided_path_key":false,"transfer_complete":true,"is_partitioned":false,"complete_time_ticks":1604150767085,"user_data":{"content_format":"pipeline-node","pipeline_node_id":"automl"},"test_doc":0,"handle":{"bucket":"healthinsurancepremiumprediction-donotdelete-pr-l1lhs264pulpxx","location":"us-geo","type":"bluemix_cos","key":"00fb4bf2-0e3a-40df-959e-ba6af4a7fb10/a0b6d79c-6246-4a24-816f-ba6be2affa3f/6035e89a-fbce-4a8c-aa6f-fdaa46279a13","upload_id":"done","max_part_num":1},"usage":{"access_count":0,"last_accessor_id":"IBMid-5500091H2H","last_access_time":1604150764933}},{"id":"00463bca-867d-43b1-b1eb-b0889eee4d71","version":2,"asset_type":"wml_model","name":"pipeline_model.json","datasource_type":"193a97c1-4475-4a19-b90c-295c4fdc6517","creator_id":"IBMid-5500091H2H","create_time":1604150769095,"size":1486,"is_remote":false,"is_managed":true,"is_referenced":false,"is_object_key_read_only":false,"is_user_provided_path_key":false,"transfer_complete":true,"is_partitioned":false,"complete_time_ticks":1604150771266,"user_data":{"content_format":"native"},"test_doc":0,"handle":{"bucket":"healthinsurancepremiumprediction-donotdelete-pr-l1lhs264pulpxx","location":"us-geo","type":"bluemix_cos","key":"00fb4bf2-0e3a-40df-959e-ba6af4a7fb10/a0b6d79c-6246-4a24-816f-ba6be2affa3f/00463bca-867d-43b1-b1eb-b0889eee4d71","upload_id":"done","max_part_num":1},"usage":{"access_count":0,"last_accessor_id":"IBMid-5500091H2H","last_access_time":1604150769095}}]}
