{"metadata":{"asset_id":"a6a1a8f9-7fa0-4555-b3d4-b7906de7bdaa","asset_attributes":["wml_pipeline"],"name":"Health Insurance-Premium-Prediction","asset_type":"wml_pipeline","created_at":"2020-10-31T13:04:18Z","description":"","origin_country":"us","owner_id":"IBMid-5500091H2H","project_id":"7d3af44d-8e0b-45e4-b378-cc22986c4921","sandbox_id":"7d3af44d-8e0b-45e4-b378-cc22986c4921","size":0,"tags":["dsx-project.7d3af44d-8e0b-45e4-b378-cc22986c4921"],"usage":{"last_update_time":1604149458525,"last_updated_at":"2020-10-31T13:04:18Z"}},"entity":{"wml_pipeline":{"document":{"doc_type":"pipeline","pipelines":[{"id":"autoai","nodes":[{"id":"automl","op":"kube","parameters":{"input_file_separator":",","optimization":{"compute_pipeline_notebooks_flag":true,"daub_adaptive_subsampling_max_mem_usage":15000000000,"holdout_param":0.1,"label":"expenses","learning_type":"regression","max_num_daub_ensembles":2,"run_cognito_flag":true,"scorer_for_ranking":"neg_root_mean_squared_error"},"output_logs":true,"stage_flag":true},"runtime_ref":"autoai","type":"execution_node"}],"runtime_ref":"hybrid"}],"primary_pipeline":"autoai","runtimes":[{"app_data":{"wml_data":{"hardware_spec":{"base_id":"a6c4923b-b8e4-444c-9f43-8a7ec3020110","name":"L"}}},"id":"autoai","name":"auto_ai.kb"}],"version":"2.0"},"ml_version":"4.0.0"}}}
